date,period,year,quarter,total,apartment,scheme,single,total_12m
2011-01-01,2011-01,2011,2011Q1,506.0,46.0,128.0,332.0,506.0
2011-02-01,2011-02,2011,2011Q1,637.0,81.0,157.0,399.0,1143.0
2011-03-01,2011-03,2011,2011Q1,732.0,145.0,162.0,425.0,1875.0
2011-04-01,2011-04,2011,2011Q2,628.0,80.0,178.0,370.0,2503.0
2011-05-01,2011-05,2011,2011Q2,540.0,83.0,73.0,384.0,3043.0
2011-06-01,2011-06,2011,2011Q2,623.0,54.0,129.0,440.0,3666.0
2011-07-01,2011-07,2011,2011Q3,557.0,26.0,135.0,396.0,4223.0
2011-08-01,2011-08,2011,2011Q3,513.0,50.0,73.0,390.0,4736.0
2011-09-01,2011-09,2011,2011Q3,617.0,109.0,97.0,411.0,5353.0
2011-10-01,2011-10,2011,2011Q4,483.0,40.0,55.0,388.0,5836.0
2011-11-01,2011-11,2011,2011Q4,616.0,45.0,103.0,468.0,6452.0
2011-12-01,2011-12,2011,2011Q4,542.0,63.0,68.0,411.0,6994.0
2012-01-01,2012-01,2012,2012Q1,352.0,59.0,63.0,230.0,6840.0
2012-02-01,2012-02,2012,2012Q1,388.0,32.0,76.0,280.0,6591.0
2012-03-01,2012-03,2012,2012Q1,391.0,32.0,72.0,287.0,6250.0
2012-04-01,2012-04,2012,2012Q2,347.0,16.0,55.0,276.0,5969.0
2012-05-01,2012-05,2012,2012Q2,390.0,31.0,65.0,294.0,5819.0
2012-06-01,2012-06,2012,2012Q2,380.0,29.0,74.0,277.0,5576.0
2012-07-01,2012-07,2012,2012Q3,365.0,24.0,48.0,293.0,5384.0
2012-08-01,2012-08,2012,2012Q3,463.0,54.0,109.0,300.0,5334.0
2012-09-01,2012-09,2012,2012Q3,377.0,15.0,87.0,275.0,5094.0
2012-10-01,2012-10,2012,2012Q4,498.0,54.0,110.0,334.0,5109.0
2012-11-01,2012-11,2012,2012Q4,481.0,40.0,106.0,335.0,4974.0
2012-12-01,2012-12,2012,2012Q4,479.0,60.0,99.0,320.0,4911.0
2013-01-01,2013-01,2013,2013Q1,266.0,30.0,52.0,184.0,4825.0
2013-02-01,2013-02,2013,2013Q1,289.0,28.0,53.0,208.0,4726.0
2013-03-01,2013-03,2013,2013Q1,334.0,19.0,69.0,246.0,4669.0
2013-04-01,2013-04,2013,2013Q2,341.0,15.0,80.0,246.0,4663.0
2013-05-01,2013-05,2013,2013Q2,375.0,36.0,77.0,262.0,4648.0
2013-06-01,2013-06,2013,2013Q2,430.0,93.0,124.0,213.0,4698.0
2013-07-01,2013-07,2013,2013Q3,345.0,12.0,98.0,235.0,4678.0
2013-08-01,2013-08,2013,2013Q3,319.0,7.0,67.0,245.0,4534.0
2013-09-01,2013-09,2013,2013Q3,369.0,20.0,102.0,247.0,4526.0
2013-10-01,2013-10,2013,2013Q4,465.0,24.0,163.0,278.0,4493.0
2013-11-01,2013-11,2013,2013Q4,552.0,90.0,158.0,304.0,4564.0
2013-12-01,2013-12,2013,2013Q4,490.0,99.0,112.0,279.0,4575.0
2014-01-01,2014-01,2014,2014Q1,351.0,71.0,76.0,204.0,4660.0
2014-02-01,2014-02,2014,2014Q1,357.0,77.0,114.0,166.0,4728.0
2014-03-01,2014-03,2014,2014Q1,386.0,12.0,119.0,255.0,4780.0
2014-04-01,2014-04,2014,2014Q2,414.0,93.0,106.0,215.0,4853.0
2014-05-01,2014-05,2014,2014Q2,486.0,96.0,123.0,267.0,4964.0
2014-06-01,2014-06,2014,2014Q2,418.0,52.0,136.0,230.0,4952.0
2014-07-01,2014-07,2014,2014Q3,451.0,27.0,157.0,267.0,5058.0
2014-08-01,2014-08,2014,2014Q3,400.0,25.0,159.0,216.0,5139.0
2014-09-01,2014-09,2014,2014Q3,553.0,118.0,190.0,245.0,5323.0
2014-10-01,2014-10,2014,2014Q4,506.0,39.0,185.0,282.0,5364.0
2014-11-01,2014-11,2014,2014Q4,569.0,18.0,232.0,319.0,5381.0
2014-12-01,2014-12,2014,2014Q4,627.0,120.0,198.0,309.0,5518.0
2015-01-01,2015-01,2015,2015Q1,314.0,14.0,115.0,185.0,5481.0
2015-02-01,2015-02,2015,2015Q1,454.0,36.0,196.0,222.0,5578.0
2015-03-01,2015-03,2015,2015Q1,603.0,56.0,295.0,252.0,5795.0
2015-04-01,2015-04,2015,2015Q2,494.0,39.0,227.0,228.0,5875.0
2015-05-01,2015-05,2015,2015Q2,510.0,70.0,206.0,234.0,5899.0
2015-06-01,2015-06,2015,2015Q2,566.0,52.0,241.0,273.0,6047.0
2015-07-01,2015-07,2015,2015Q3,683.0,52.0,315.0,316.0,6279.0
2015-08-01,2015-08,2015,2015Q3,590.0,77.0,269.0,244.0,6469.0
2015-09-01,2015-09,2015,2015Q3,760.0,126.0,315.0,319.0,6676.0
2015-10-01,2015-10,2015,2015Q4,682.0,59.0,332.0,291.0,6852.0
2015-11-01,2015-11,2015,2015Q4,750.0,52.0,355.0,343.0,7033.0
2015-12-01,2015-12,2015,2015Q4,813.0,40.0,428.0,345.0,7219.0
2016-01-01,2016-01,2016,2016Q1,567.0,88.0,293.0,186.0,7472.0
2016-02-01,2016-02,2016,2016Q1,718.0,170.0,309.0,239.0,7736.0
2016-03-01,2016-03,2016,2016Q1,651.0,66.0,324.0,261.0,7784.0
2016-04-01,2016-04,2016,2016Q2,792.0,68.0,449.0,275.0,8082.0
2016-05-01,2016-05,2016,2016Q2,877.0,139.0,429.0,309.0,8449.0
2016-06-01,2016-06,2016,2016Q2,701.0,42.0,371.0,288.0,8584.0
2016-07-01,2016-07,2016,2016Q3,702.0,68.0,328.0,306.0,8603.0
2016-08-01,2016-08,2016,2016Q3,835.0,80.0,416.0,339.0,8848.0
2016-09-01,2016-09,2016,2016Q3,914.0,116.0,473.0,325.0,9002.0
2016-10-01,2016-10,2016,2016Q4,847.0,41.0,516.0,290.0,9167.0
2016-11-01,2016-11,2016,2016Q4,1065.0,113.0,543.0,409.0,9482.0
2016-12-01,2016-12,2016,2016Q4,1057.0,115.0,579.0,363.0,9726.0
2017-01-01,2017-01,2017,2017Q1,804.0,143.0,431.0,230.0,9963.0
2017-02-01,2017-02,2017,2017Q1,944.0,172.0,484.0,288.0,10189.0
2017-03-01,2017-03,2017,2017Q1,993.0,151.0,494.0,348.0,10531.0
2017-04-01,2017-04,2017,2017Q2,993.0,155.0,533.0,305.0,10732.0
2017-05-01,2017-05,2017,2017Q2,1210.0,157.0,662.0,391.0,11065.0
2017-06-01,2017-06,2017,2017Q2,1031.0,132.0,571.0,328.0,11395.0
2017-07-01,2017-07,2017,2017Q3,1307.0,176.0,729.0,402.0,12000.0
2017-08-01,2017-08,2017,2017Q3,1166.0,244.0,578.0,344.0,12331.0
2017-09-01,2017-09,2017,2017Q3,1244.0,191.0,690.0,363.0,12661.0
2017-10-01,2017-10,2017,2017Q4,1198.0,140.0,740.0,318.0,13012.0
2017-11-01,2017-11,2017,2017Q4,1835.0,252.0,1063.0,520.0,13782.0
2017-12-01,2017-12,2017,2017Q4,1498.0,239.0,881.0,378.0,14223.0
2018-01-01,2018-01,2018,2018Q1,1074.0,156.0,627.0,291.0,14493.0
2018-02-01,2018-02,2018,2018Q1,1348.0,212.0,768.0,368.0,14897.0
2018-03-01,2018-03,2018,2018Q1,1009.0,99.0,610.0,300.0,14913.0
2018-04-01,2018-04,2018,2018Q2,1491.0,204.0,936.0,351.0,15411.0
2018-05-01,2018-05,2018,2018Q2,1498.0,144.0,911.0,443.0,15699.0
2018-06-01,2018-06,2018,2018Q2,1363.0,112.0,903.0,348.0,16031.0
2018-07-01,2018-07,2018,2018Q3,1537.0,138.0,996.0,403.0,16261.0
2018-08-01,2018-08,2018,2018Q3,1432.0,124.0,869.0,439.0,16527.0
2018-09-01,2018-09,2018,2018Q3,1626.0,307.0,962.0,357.0,16909.0
2018-10-01,2018-10,2018,2018Q4,1704.0,211.0,1053.0,440.0,17415.0
2018-11-01,2018-11,2018,2018Q4,2109.0,328.0,1291.0,490.0,17689.0
2018-12-01,2018-12,2018,2018Q4,1591.0,165.0,1018.0,408.0,17782.0
2019-01-01,2019-01,2019,2019Q1,1297.0,190.0,800.0,307.0,18005.0
2019-02-01,2019-02,2019,2019Q1,1367.0,163.0,830.0,374.0,18024.0
2019-03-01,2019-03,2019,2019Q1,1557.0,215.0,933.0,409.0,18572.0
2019-04-01,2019-04,2019,2019Q2,1458.0,165.0,889.0,404.0,18539.0
2019-05-01,2019-05,2019,2019Q2,1584.0,166.0,948.0,470.0,18625.0
2019-06-01,2019-06,2019,2019Q2,1750.0,308.0,994.0,448.0,19012.0
2019-07-01,2019-07,2019,2019Q3,1995.0,390.0,1172.0,433.0,19470.0
2019-08-01,2019-08,2019,2019Q3,1785.0,311.0,1075.0,399.0,19823.0
2019-09-01,2019-09,2019,2019Q3,1824.0,338.0,1064.0,422.0,20021.0
2019-10-01,2019-10,2019,2019Q4,2430.0,544.0,1371.0,515.0,20747.0
2019-11-01,2019-11,2019,2019Q4,2170.0,322.0,1404.0,444.0,20808.0
2019-12-01,2019-12,2019,2019Q4,1806.0,306.0,1047.0,453.0,21023.0
2020-01-01,2020-01,2020,2020Q1,1596.0,467.0,844.0,285.0,21322.0
2020-02-01,2020-02,2020,2020Q1,1569.0,278.0,934.0,357.0,21524.0
2020-03-01,2020-03,2020,2020Q1,1763.0,240.0,1060.0,463.0,21730.0
2020-04-01,2020-04,2020,2020Q2,388.0,27.0,180.0,181.0,20660.0
2020-05-01,2020-05,2020,2020Q2,1220.0,227.0,731.0,262.0,20296.0
2020-06-01,2020-06,2020,2020Q2,1614.0,262.0,924.0,428.0,20160.0
2020-07-01,2020-07,2020,2020Q3,1772.0,219.0,1014.0,539.0,19937.0
2020-08-01,2020-08,2020,2020Q3,1360.0,176.0,755.0,429.0,19512.0
2020-09-01,2020-09,2020,2020Q3,1894.0,308.0,1100.0,486.0,19582.0
2020-10-01,2020-10,2020,2020Q4,2422.0,711.0,1166.0,545.0,19574.0
2020-11-01,2020-11,2020,2020Q4,2818.0,487.0,1851.0,480.0,20222.0
2020-12-01,2020-12,2020,2020Q4,2067.0,464.0,1110.0,493.0,20483.0
2021-01-01,2021-01,2021,2021Q1,1195.0,137.0,735.0,323.0,20082.0
2021-02-01,2021-02,2021,2021Q1,1396.0,261.0,829.0,306.0,19909.0
2021-03-01,2021-03,2021,2021Q1,1365.0,322.0,695.0,348.0,19511.0
2021-04-01,2021-04,2021,2021Q2,1446.0,304.0,769.0,373.0,20569.0
2021-05-01,2021-05,2021,2021Q2,1545.0,335.0,822.0,388.0,20894.0
2021-06-01,2021-06,2021,2021Q2,1966.0,633.0,939.0,394.0,21246.0
2021-07-01,2021-07,2021,2021Q3,1480.0,357.0,730.0,393.0,20954.0
2021-08-01,2021-08,2021,2021Q3,1432.0,125.0,907.0,400.0,21026.0
2021-09-01,2021-09,2021,2021Q3,1710.0,471.0,839.0,400.0,20842.0
2021-10-01,2021-10,2021,2021Q4,2296.0,728.0,1120.0,448.0,20716.0
2021-11-01,2021-11,2021,2021Q4,2635.0,771.0,1379.0,485.0,20533.0
2021-12-01,2021-12,2021,2021Q4,1977.0,626.0,907.0,444.0,20443.0
2022-01-01,2022-01,2022,2022Q1,1783.0,544.0,911.0,328.0,21031.0
2022-02-01,2022-02,2022,2022Q1,1604.0,438.0,804.0,362.0,21239.0
2022-03-01,2022-03,2022,2022Q1,2206.0,707.0,1084.0,415.0,22080.0
2022-04-01,2022-04,2022,2022Q2,1986.0,431.0,1147.0,408.0,22620.0
2022-05-01,2022-05,2022,2022Q2,3117.0,1127.0,1515.0,475.0,24192.0
2022-06-01,2022-06,2022,2022Q2,2475.0,759.0,1272.0,444.0,24701.0
2022-07-01,2022-07,2022,2022Q3,2676.0,868.0,1315.0,493.0,25897.0
2022-08-01,2022-08,2022,2022Q3,2538.0,967.0,1065.0,506.0,27003.0
2022-09-01,2022-09,2022,2022Q3,2148.0,441.0,1195.0,512.0,27441.0
2022-10-01,2022-10,2022,2022Q4,2953.0,961.0,1494.0,498.0,28098.0
2022-11-01,2022-11,2022,2022Q4,3599.0,1069.0,2020.0,510.0,29062.0
2022-12-01,2022-12,2022,2022Q4,2524.0,709.0,1308.0,507.0,29609.0
2023-01-01,2023-01,2023,2023Q1,1870.0,733.0,804.0,333.0,29696.0
2023-02-01,2023-02,2023,2023Q1,2127.0,637.0,1097.0,393.0,30219.0
2023-03-01,2023-03,2023,2023Q1,2627.0,1002.0,1179.0,446.0,30640.0
2023-04-01,2023-04,2023,2023Q2,2096.0,501.0,1174.0,421.0,30750.0
2023-05-01,2023-05,2023,2023Q2,2669.0,553.0,1590.0,526.0,30302.0
2023-06-01,2023-06,2023,2023Q2,2487.0,782.0,1254.0,451.0,30314.0
2023-07-01,2023-07,2023,2023Q3,2546.0,976.0,1110.0,460.0,30184.0
2023-08-01,2023-08,2023,2023Q3,3040.0,1320.0,1207.0,513.0,30686.0
2023-09-01,2023-09,2023,2023Q3,2801.0,1033.0,1325.0,443.0,31339.0
2023-10-01,2023-10,2023,2023Q4,3003.0,993.0,1537.0,473.0,31389.0
2023-11-01,2023-11,2023,2023Q4,4457.0,2016.0,1931.0,510.0,32247.0
2023-12-01,2023-12,2023,2023Q4,2740.0,976.0,1282.0,482.0,32463.0
2024-01-01,2024-01,2024,2024Q1,1814.0,621.0,849.0,344.0,32407.0
2024-02-01,2024-02,2024,2024Q1,2109.0,594.0,1093.0,422.0,32389.0
2024-03-01,2024-03,2024,2024Q1,1868.0,344.0,1129.0,395.0,31630.0
2024-04-01,2024-04,2024,2024Q2,2280.0,560.0,1251.0,469.0,31814.0
2024-05-01,2024-05,2024,2024Q2,2356.0,496.0,1381.0,479.0,31501.0
2024-06-01,2024-06,2024,2024Q2,2172.0,465.0,1322.0,385.0,31186.0
2024-07-01,2024-07,2024,2024Q3,3002.0,1178.0,1358.0,466.0,31642.0
2024-08-01,2024-08,2024,2024Q3,2500.0,679.0,1423.0,398.0,31102.0
2024-09-01,2024-09,2024,2024Q3,3372.0,1201.0,1717.0,454.0,31673.0
2024-10-01,2024-10,2024,2024Q4,3199.0,1000.0,1642.0,557.0,31869.0
2024-11-01,2024-11,2024,2024Q4,3007.0,578.0,1947.0,482.0,30419.0
2024-12-01,2024-12,2024,2024Q4,2445.0,969.0,1080.0,396.0,30124.0
2025-01-01,2025-01,2025,2025Q1,1531.0,468.0,760.0,303.0,29841.0
2025-02-01,2025-02,2025,2025Q1,1619.0,531.0,778.0,310.0,29351.0
2025-03-01,2025-03,2025,2025Q1,2757.0,768.0,1496.0,493.0,30240.0
2025-04-01,2025-04,2025,2025Q2,2862.0,826.0,1510.0,526.0,30822.0
2025-05-01,2025-05,2025,2025Q2,3262.0,1073.0,1684.0,505.0,31728.0
2025-06-01,2025-06,2025,2025Q2,3028.0,1128.0,1449.0,451.0,32584.0
2025-07-01,2025-07,2025,2025Q3,3029.0,1021.0,1478.0,530.0,32611.0
2025-08-01,2025-08,2025,2025Q3,2837.0,939.0,1456.0,442.0,32948.0
2025-09-01,2025-09,2025,2025Q3,3331.0,1194.0,1613.0,524.0,32907.0
2025-10-01,2025-10,2025,2025Q4,3670.0,1004.0,2062.0,604.0,33378.0
2025-11-01,2025-11,2025,2025Q4,5120.0,2108.0,2389.0,623.0,35491.0
2025-12-01,2025-12,2025,2025Q4,3169.0,979.0,1627.0,563.0,36215.0
2026-01-01,2026-01,2026,2026Q1,2187.0,528.0,1220.0,439.0,36871.0
2026-02-01,2026-02,2026,2026Q1,2805.0,917.0,1396.0,492.0,38057.0
2026-03-01,2026-03,2026,2026Q1,2864.0,908.0,1476.0,480.0,38164.0
2026-04-01,2026-04,2026,2026Q2,3116.0,827.0,1796.0,493.0,38418.0
2026-05-01,2026-05,2026,2026Q2,2686.0,772.0,1476.0,438.0,37842.0
2026-06-01,2026-06,2026,2026Q2,3021.0,1059.0,1466.0,496.0,37835.0
