year,dwelling_status,dwelling_type,mean_price,median_price,value_eur_000,volume,value_eur_m
2010,All Dwelling Statuses,All Dwelling Types,255117.0,220000.0,4745.7,18602.0,4.7457
2010,All Dwelling Statuses,Apartment,215227.0,195000.0,545.2,2533.0,0.5452
2010,All Dwelling Statuses,House,261405.0,222500.0,4200.5,16069.0,4.2005
2010,Existing,All Dwelling Types,261751.0,220000.0,3522.1,13456.0,3.5221
2010,Existing,Apartment,215354.0,190000.0,238.2,1106.0,0.2382
2010,Existing,House,265906.0,225000.0,3283.9,12350.0,3.2839
2010,New,All Dwelling Types,237771.0,212942.0,1223.6,5146.0,1.2235999999999998
2010,New,Apartment,215128.0,197653.0,307.0,1427.0,0.307
2010,New,House,246459.0,220110.0,916.6,3719.0,0.9166
2011,All Dwelling Statuses,All Dwelling Types,226381.0,182500.0,3592.7,15870.0,3.5927
2011,All Dwelling Statuses,Apartment,183544.0,163475.0,368.2,2006.0,0.36819999999999997
2011,All Dwelling Statuses,House,232579.0,189000.0,3224.5,13864.0,3.2245
2011,Existing,All Dwelling Types,229967.0,184500.0,3016.9,13119.0,3.0169
2011,Existing,Apartment,183372.0,154000.0,222.1,1211.0,0.2221
2011,Existing,House,234705.0,188000.0,2794.9,11908.0,2.7949
2011,New,All Dwelling Types,209281.0,181312.0,575.7,2751.0,0.5757000000000001
2011,New,Apartment,183805.0,165278.0,146.1,795.0,0.1461
2011,New,House,219636.0,192950.0,429.6,1956.0,0.42960000000000004
2012,All Dwelling Statuses,All Dwelling Types,203689.0,160000.0,4514.6,22164.0,4.514600000000001
2012,All Dwelling Statuses,Apartment,165555.0,150000.0,511.6,3090.0,0.5116
2012,All Dwelling Statuses,House,209867.0,164000.0,4003.0,19074.0,4.003
2012,Existing,All Dwelling Types,205237.0,160000.0,3915.7,19079.0,3.9156999999999997
2012,Existing,Apartment,161534.0,147250.0,372.2,2304.0,0.3722
2012,Existing,House,211240.0,161000.0,3543.5,16775.0,3.5435
2012,New,All Dwelling Types,194114.0,168000.0,598.8,3085.0,0.5988
2012,New,Apartment,177342.0,159450.0,139.4,786.0,0.1394
2012,New,House,199848.0,171385.0,459.5,2299.0,0.4595
2013,All Dwelling Statuses,All Dwelling Types,205352.0,150000.0,5454.8,26563.0,5.4548000000000005
2013,All Dwelling Statuses,Apartment,162283.0,125000.0,676.4,4168.0,0.6764
2013,All Dwelling Statuses,House,213367.0,155000.0,4778.4,22395.0,4.7783999999999995
2013,Existing,All Dwelling Types,208840.0,150000.0,4822.1,23090.0,4.822100000000001
2013,Existing,Apartment,162592.0,123500.0,553.8,3406.0,0.5538
2013,Existing,House,216842.0,155525.0,4268.3,19684.0,4.2683
2013,New,All Dwelling Types,182162.0,142000.0,632.6,3473.0,0.6326
2013,New,Apartment,160906.0,136252.0,122.6,762.0,0.1226
2013,New,House,188137.0,145001.0,510.0,2711.0,0.51
2014,All Dwelling Statuses,All Dwelling Types,211614.0,157500.0,8643.8,40847.0,8.643799999999999
2014,All Dwelling Statuses,Apartment,178383.0,144500.0,1393.0,7809.0,1.393
2014,All Dwelling Statuses,House,219469.0,160000.0,7250.8,33038.0,7.2508
2014,Existing,All Dwelling Types,212466.0,157000.0,7533.8,35459.0,7.5338
2014,Existing,Apartment,176388.0,145000.0,1150.6,6523.0,1.1505999999999998
2014,Existing,House,220599.0,160000.0,6383.3,28936.0,6.3833
2014,New,All Dwelling Types,206006.0,160000.0,1110.0,5388.0,1.11
2014,New,Apartment,188504.0,140394.0,242.4,1286.0,0.2424
2014,New,House,211493.0,169999.0,867.5,4102.0,0.8675
2015,All Dwelling Statuses,All Dwelling Types,222217.0,170000.0,10099.3,45448.0,10.0993
2015,All Dwelling Statuses,Apartment,189522.0,152941.0,1636.1,8633.0,1.6360999999999999
2015,All Dwelling Statuses,House,229884.0,175000.0,8463.2,36815.0,8.4632
2015,Existing,All Dwelling Types,219637.0,168839.0,8587.2,39097.0,8.587200000000001
2015,Existing,Apartment,188913.0,155000.0,1368.9,7246.0,1.3689
2015,Existing,House,226627.0,170000.0,7218.3,31851.0,7.2183
2015,New,All Dwelling Types,238097.0,182870.0,1512.2,6351.0,1.5122
2015,New,Apartment,192703.0,150713.0,267.3,1387.0,0.26730000000000004
2015,New,House,250780.0,204300.0,1244.9,4964.0,1.2449000000000001
2016,All Dwelling Statuses,All Dwelling Types,246151.0,190000.0,11484.9,46658.0,11.4849
2016,All Dwelling Statuses,Apartment,206203.0,174632.0,1821.2,8832.0,1.8212000000000002
2016,All Dwelling Statuses,House,255478.0,195000.0,9663.7,37826.0,9.6637
2016,Existing,All Dwelling Types,237102.0,180000.0,9371.7,39526.0,9.3717
2016,Existing,Apartment,199391.0,174316.0,1569.2,7870.0,1.5692000000000002
2016,Existing,House,246478.0,185000.0,7802.5,31656.0,7.8025
2016,New,All Dwelling Types,296298.0,261050.0,2113.2,7132.0,2.1132
2016,New,Apartment,261936.0,238350.0,252.0,962.0,0.252
2016,New,House,301656.0,265000.0,1861.2,6170.0,1.8612
2017,All Dwelling Statuses,All Dwelling Types,268674.0,220000.0,13756.1,51200.0,13.7561
2017,All Dwelling Statuses,Apartment,226461.0,195000.0,2519.4,11125.0,2.5194
2017,All Dwelling Statuses,House,280393.0,230000.0,11236.8,40075.0,11.236799999999999
2017,Existing,All Dwelling Types,256274.0,200000.0,10711.7,41798.0,10.7117
2017,Existing,Apartment,215297.0,184750.0,1991.5,9250.0,1.9915
2017,Existing,House,267919.0,207000.0,8720.2,32548.0,8.7202
2017,New,All Dwelling Types,323803.0,297000.0,3044.4,9402.0,3.0444
2017,New,Apartment,281536.0,255392.0,527.9,1875.0,0.5278999999999999
2017,New,House,334332.0,303030.0,2516.5,7527.0,2.5165
2018,All Dwelling Statuses,All Dwelling Types,286821.0,240000.0,15493.5,54018.0,15.4935
2018,All Dwelling Statuses,Apartment,262806.0,225000.0,3086.7,11745.0,3.0867
2018,All Dwelling Statuses,House,293493.0,245000.0,12406.8,42273.0,12.406799999999999
2018,Existing,All Dwelling Types,269385.0,215000.0,11496.5,42677.0,11.4965
2018,Existing,Apartment,243515.0,205000.0,2382.3,9783.0,2.3823000000000003
2018,Existing,House,277079.0,220000.0,9114.2,32894.0,9.1142
2018,New,All Dwelling Types,352432.0,321414.0,3996.9,11341.0,3.9969
2018,New,Apartment,358995.0,340500.0,704.3,1962.0,0.7042999999999999
2018,New,House,351059.0,319999.0,3292.6,9379.0,3.2925999999999997
2019,All Dwelling Statuses,All Dwelling Types,291840.0,253500.0,17011.6,58291.0,17.011599999999998
2019,All Dwelling Statuses,Apartment,269398.0,237500.0,3522.9,13077.0,3.5229
2019,All Dwelling Statuses,House,298331.0,260000.0,13488.7,45214.0,13.488700000000001
2019,Existing,All Dwelling Types,273893.0,227000.0,12375.3,45183.0,12.3753
2019,Existing,Apartment,250845.0,220000.0,2694.3,10741.0,2.6943
2019,Existing,House,281080.0,230000.0,9681.0,34442.0,9.681
2019,New,All Dwelling Types,353703.0,339998.0,4636.3,13108.0,4.6363
2019,New,Apartment,354706.0,347500.0,828.6,2336.0,0.8286
2019,New,House,353486.0,337409.0,3807.8,10772.0,3.8078000000000003
2020,All Dwelling Statuses,All Dwelling Types,299805.0,260000.0,14647.9,48858.0,14.6479
2020,All Dwelling Statuses,Apartment,289781.0,252941.0,2871.7,9910.0,2.8716999999999997
2020,All Dwelling Statuses,House,302355.0,263000.0,11776.1,38948.0,11.7761
2020,Existing,All Dwelling Types,278675.0,230000.0,10307.3,36987.0,10.3073
2020,Existing,Apartment,260313.0,221145.0,1977.1,7595.0,1.9770999999999999
2020,Existing,House,283420.0,230000.0,8330.3,29392.0,8.3303
2020,New,All Dwelling Types,365640.0,339000.0,4340.5,11871.0,4.3405
2020,New,Apartment,386461.0,353939.0,894.7,2315.0,0.8947
2020,New,House,360596.0,332500.0,3445.9,9556.0,3.4459
2021,All Dwelling Statuses,All Dwelling Types,321598.0,275000.0,18671.0,58057.0,18.671
2021,All Dwelling Statuses,Apartment,297662.0,259000.0,3478.8,11687.0,3.4788
2021,All Dwelling Statuses,House,327631.0,280000.0,15192.3,46370.0,15.1923
2021,Existing,All Dwelling Types,307862.0,250000.0,14023.1,45550.0,14.023100000000001
2021,Existing,Apartment,262514.0,235000.0,2385.2,9086.0,2.3851999999999998
2021,Existing,House,319161.0,255000.0,11637.9,36464.0,11.6379
2021,New,All Dwelling Types,371628.0,331094.0,4647.9,12507.0,4.6479
2021,New,Apartment,420442.0,331094.0,1093.6,2601.0,1.0936
2021,New,House,358810.0,330000.0,3554.4,9906.0,3.5544000000000002
2022,All Dwelling Statuses,All Dwelling Types,354489.0,305263.0,22385.3,63148.0,22.3853
2022,All Dwelling Statuses,Apartment,314817.0,292263.0,4374.4,13895.0,4.3744
2022,All Dwelling Statuses,House,365681.0,312000.0,18010.9,49253.0,18.010900000000003
2022,Existing,All Dwelling Types,339572.0,275000.0,16076.4,47343.0,16.0764
2022,Existing,Apartment,278642.0,251000.0,2817.6,10112.0,2.8176
2022,Existing,House,356121.0,285000.0,13258.7,37231.0,13.258700000000001
2022,New,All Dwelling Types,399174.0,379999.0,6308.9,15805.0,6.3088999999999995
2022,New,Apartment,411515.0,402132.0,1556.8,3783.0,1.5568
2022,New,House,395290.0,369770.0,4752.2,12022.0,4.7522
2023,All Dwelling Statuses,All Dwelling Types,370763.0,330000.0,23330.7,62926.0,23.3307
2023,All Dwelling Statuses,Apartment,333454.0,316115.0,4714.0,14137.0,4.714
2023,All Dwelling Statuses,House,381574.0,334999.0,18616.6,48789.0,18.6166
2023,Existing,All Dwelling Types,352742.0,290000.0,16420.5,46551.0,16.4205
2023,Existing,Apartment,289066.0,263000.0,2680.8,9274.0,2.6808
2023,Existing,House,368584.0,300000.0,13739.7,37277.0,13.739700000000001
2023,New,All Dwelling Types,421995.0,392781.0,6910.2,16375.0,6.9102
2023,New,Apartment,418105.0,394967.0,2033.2,4863.0,2.0332
2023,New,House,423638.0,391575.0,4876.9,11512.0,4.8769
2024,All Dwelling Statuses,All Dwelling Types,402306.0,354120.0,24659.4,61295.0,24.6594
2024,All Dwelling Statuses,Apartment,378818.0,335083.0,5245.9,13848.0,5.2459
2024,All Dwelling Statuses,House,409162.0,360000.0,19413.5,47447.0,19.4135
2024,Existing,All Dwelling Types,381618.0,319000.0,16825.1,44089.0,16.8251
2024,Existing,Apartment,314312.0,288000.0,2898.6,9222.0,2.8986
2024,Existing,House,399419.0,330000.0,13926.6,34867.0,13.9266
2024,New,All Dwelling Types,455320.0,415000.0,7834.2,17206.0,7.8342
2024,New,Apartment,507412.0,443083.0,2347.3,4626.0,2.3473
2024,New,House,436164.0,401831.0,5486.9,12580.0,5.4868999999999994
2025,All Dwelling Statuses,All Dwelling Types,424644.0,389332.0,26910.5,63372.0,26.9105
2025,All Dwelling Statuses,Apartment,383972.0,380070.0,5922.0,15423.0,5.922
2025,All Dwelling Statuses,House,437726.0,390000.0,20988.5,47949.0,20.9885
2025,Existing,All Dwelling Types,414056.0,350000.0,17962.6,43382.0,17.9626
2025,Existing,Apartment,344968.0,320000.0,3139.9,9102.0,3.1399
2025,Existing,House,432400.0,362500.0,14822.7,34280.0,14.822700000000001
2025,New,All Dwelling Types,447621.0,430000.0,8947.9,19990.0,8.947899999999999
2025,New,Apartment,440138.0,436461.0,2782.1,6321.0,2.7821
2025,New,House,451082.0,425000.0,6165.8,13669.0,6.1658
